[
  {
    "category": "``autoscaling``", 
    "description": "Update autoscaling command to latest version", 
    "type": "api-change"
  }, 
  {
    "category": "``ce``", 
    "description": "Update ce command to latest version", 
    "type": "api-change"
  }, 
  {
    "category": "``elbv2``", 
    "description": "Update elbv2 command to latest version", 
    "type": "api-change"
  }, 
  {
    "category": "``mediastore``", 
    "description": "Update mediastore command to latest version", 
    "type": "api-change"
  }
]