[
  {
    "category": "``batch``", 
    "description": "Update batch command to latest version", 
    "type": "api-change"
  }, 
  {
    "category": "``gamelift``", 
    "description": "Update gamelift command to latest version", 
    "type": "api-change"
  }, 
  {
    "category": "``inspector``", 
    "description": "Update inspector command to latest version", 
    "type": "api-change"
  }, 
  {
    "category": "``dynamodb``", 
    "description": "Update dynamodb command to latest version", 
    "type": "api-change"
  }, 
  {
    "category": "``lambda``", 
    "description": "Update lambda command to latest version", 
    "type": "api-change"
  }, 
  {
    "category": "``workspaces``", 
    "description": "Update workspaces command to latest version", 
    "type": "api-change"
  }
]