[
  {
    "category": "``mediaconvert``", 
    "description": "Update mediaconvert command to latest version", 
    "type": "api-change"
  }, 
  {
    "category": "``workmail``", 
    "description": "Update workmail command to latest version", 
    "type": "api-change"
  }, 
  {
    "category": "``medialive``", 
    "description": "Update medialive command to latest version", 
    "type": "api-change"
  }, 
  {
    "category": "``cognito-idp``", 
    "description": "Update cognito-idp command to latest version", 
    "type": "api-change"
  }
]