[
  {
    "category": "``robomaker``", 
    "description": "Update robomaker command to latest version", 
    "type": "api-change"
  }, 
  {
    "category": "``transcribe``", 
    "description": "Update transcribe command to latest version", 
    "type": "api-change"
  }, 
  {
    "category": "``storagegateway``", 
    "description": "Update storagegateway command to latest version", 
    "type": "api-change"
  }, 
  {
    "category": "``rds``", 
    "description": "Update rds command to latest version", 
    "type": "api-change"
  }, 
  {
    "category": "``groundstation``", 
    "description": "Update groundstation command to latest version", 
    "type": "api-change"
  }, 
  {
    "category": "``sts``", 
    "description": "Update sts command to latest version", 
    "type": "api-change"
  }, 
  {
    "category": "``pinpoint-email``", 
    "description": "Update pinpoint-email command to latest version", 
    "type": "api-change"
  }, 
  {
    "category": "``waf``", 
    "description": "Update waf command to latest version", 
    "type": "api-change"
  }, 
  {
    "category": "``chime``", 
    "description": "Update chime command to latest version", 
    "type": "api-change"
  }
]