[
  {
    "category": "``kinesisvideo``", 
    "description": "Update kinesisvideo command to latest version", 
    "type": "api-change"
  }, 
  {
    "category": "``codebuild``", 
    "description": "Update codebuild command to latest version", 
    "type": "api-change"
  }, 
  {
    "category": "``kinesis-video-archived-media``", 
    "description": "Update kinesis-video-archived-media command to latest version", 
    "type": "api-change"
  }, 
  {
    "category": "``kinesis-video-media``", 
    "description": "Update kinesis-video-media command to latest version", 
    "type": "api-change"
  }, 
  {
    "category": "``cloudwatch``", 
    "description": "Update cloudwatch command to latest version", 
    "type": "api-change"
  }, 
  {
    "category": "``workdocs``", 
    "description": "Update workdocs command to latest version", 
    "type": "api-change"
  }, 
  {
    "category": "``organizations``", 
    "description": "Update organizations command to latest version", 
    "type": "api-change"
  }, 
  {
    "category": "``transfer``", 
    "description": "Update transfer command to latest version", 
    "type": "api-change"
  }
]