[
  {
    "category": "``appmesh``", 
    "description": "Update appmesh command to latest version", 
    "type": "api-change"
  }, 
  {
    "category": "``elbv2``", 
    "description": "Update elbv2 command to latest version", 
    "type": "api-change"
  }, 
  {
    "category": "``storagegateway``", 
    "description": "Update storagegateway command to latest version", 
    "type": "api-change"
  }, 
  {
    "category": "``ecs``", 
    "description": "Update ecs command to latest version", 
    "type": "api-change"
  }, 
  {
    "category": "``s3``", 
    "description": "Update s3 command to latest version", 
    "type": "api-change"
  }, 
  {
    "category": "``ec2``", 
    "description": "Update ec2 command to latest version", 
    "type": "api-change"
  }, 
  {
    "category": "``transfer``", 
    "description": "Update transfer command to latest version", 
    "type": "api-change"
  }
]