[
  {
    "category": "``cognito-idp``", 
    "description": "Update cognito-idp command to latest version", 
    "type": "api-change"
  }, 
  {
    "category": "``worklink``", 
    "description": "Update worklink command to latest version", 
    "type": "api-change"
  }, 
  {
    "category": "``rds``", 
    "description": "Update rds command to latest version", 
    "type": "api-change"
  }, 
  {
    "category": "``kafka``", 
    "description": "Update kafka command to latest version", 
    "type": "api-change"
  }, 
  {
    "category": "``organizations``", 
    "description": "Update organizations command to latest version", 
    "type": "api-change"
  }, 
  {
    "category": "``workspaces``", 
    "description": "Update workspaces command to latest version", 
    "type": "api-change"
  }, 
  {
    "category": "``discovery``", 
    "description": "Update discovery command to latest version", 
    "type": "api-change"
  }
]