[
  {
    "category": "``sagemaker``", 
    "description": "Update sagemaker command to latest version", 
    "type": "api-change"
  }, 
  {
    "category": "``kinesisanalytics``", 
    "description": "Update kinesisanalytics command to latest version", 
    "type": "api-change"
  }, 
  {
    "category": "``eks``", 
    "description": "Update eks command to latest version", 
    "type": "api-change"
  }, 
  {
    "category": "``servicecatalog``", 
    "description": "Update servicecatalog command to latest version", 
    "type": "api-change"
  }, 
  {
    "category": "``kinesisanalyticsv2``", 
    "description": "Update kinesisanalyticsv2 command to latest version", 
    "type": "api-change"
  }
]