[
  {
    "category": "``glue``", 
    "description": "Update glue command to latest version", 
    "type": "api-change"
  }, 
  {
    "category": "``elasticbeanstalk``", 
    "description": "Update elasticbeanstalk command to latest version", 
    "type": "api-change"
  }, 
  {
    "category": "``rekognition``", 
    "description": "Update rekognition command to latest version", 
    "type": "api-change"
  }, 
  {
    "category": "``quicksight``", 
    "description": "Update quicksight command to latest version", 
    "type": "api-change"
  }, 
  {
    "category": "``ce``", 
    "description": "Update ce command to latest version", 
    "type": "api-change"
  }, 
  {
    "category": "``iot``", 
    "description": "Update iot command to latest version", 
    "type": "api-change"
  }
]