[
  {
    "category": "``dlm``", 
    "description": "Update dlm command to latest version", 
    "type": "api-change"
  }, 
  {
    "category": "``securityhub``", 
    "description": "Update securityhub command to latest version", 
    "type": "api-change"
  }, 
  {
    "category": "``ssm``", 
    "description": "Update ssm command to latest version", 
    "type": "api-change"
  }, 
  {
    "category": "``rds``", 
    "description": "Update rds command to latest version", 
    "type": "api-change"
  }, 
  {
    "category": "``iotthingsgraph``", 
    "description": "Update iotthingsgraph command to latest version", 
    "type": "api-change"
  }, 
  {
    "category": "``ec2``", 
    "description": "Update ec2 command to latest version", 
    "type": "api-change"
  }
]